city_name,city_country,name,category,cost,duration_minutes,description,image_url
Tokyo,Japan,Shinkansen Tokyo to Kyoto,transport,120,140,High-speed bullet train ride from Tokyo to Kyoto,
Tokyo,Japan,Senso-ji Temple Visit,activity,0,90,Explore Tokyo's oldest Buddhist temple in Asakusa,
Tokyo,Japan,Tsukiji Outer Market Food Tour,food,45,120,Guided tour through the famous fish market with tastings,
Tokyo,Japan,Hotel Night in Shinjuku,stay,150,1440,Mid-range hotel in the vibrant Shinjuku district,
Tokyo,Japan,Shibuya Crossing Experience,activity,0,30,Walk the world's busiest pedestrian crossing,
Tokyo,Japan,TeamLab Borderless,activity,25,120,Immersive digital art museum experience,
Tokyo,Japan,Ramen at Ichiran,food,12,45,Iconic tonkotsu ramen with individual dining booths,
Tokyo,Japan,Meiji Shrine Visit,activity,0,60,Serene Shinto shrine surrounded by forest in the heart of Tokyo,
Kyoto,Japan,Fushimi Inari Shrine,activity,0,120,Walk through thousands of vermillion torii gates,
Kyoto,Japan,Bamboo Grove Walk,activity,0,60,Stroll through the iconic Arashiyama bamboo forest,
Kyoto,Japan,Traditional Ryokan Stay,stay,200,1440,Authentic Japanese inn with tatami rooms and onsen,
Kyoto,Japan,Tea Ceremony Experience,activity,35,90,Traditional matcha tea ceremony in a historic teahouse,
Kyoto,Japan,Kaiseki Dinner,food,80,120,Multi-course traditional Japanese haute cuisine,
Osaka,Japan,Osaka Castle Visit,activity,8,90,Historic castle with museum and panoramic city views,
Osaka,Japan,Dotonbori Street Food,food,25,120,Self-guided food crawl through Osaka's neon-lit food street,
Osaka,Japan,Hotel Night in Namba,stay,100,1440,Comfortable hotel near Dotonbori entertainment district,
Paris,France,Eiffel Tower Summit,activity,26,120,Ascend to the top of the iconic iron tower,
Paris,France,Louvre Museum,activity,17,180,World's largest art museum housing the Mona Lisa,
Paris,France,Seine River Cruise,activity,15,60,Scenic boat cruise along the Seine past major landmarks,
Paris,France,Hotel Night in Le Marais,stay,180,1440,Boutique hotel in the trendy Marais neighborhood,
Paris,France,Croissant and Coffee at Café de Flore,food,15,45,Classic Parisian café experience on Boulevard Saint-Germain,
Paris,France,Montmartre Walking Tour,activity,20,150,Guided walk through the artistic hilltop village,
Paris,France,Paris Metro Day Pass,transport,16,1440,Unlimited metro rides for a full day,
London,United Kingdom,British Museum,activity,0,180,Explore world-class historical artifacts for free,
London,United Kingdom,Tower of London,activity,33,120,Historic castle and home of the Crown Jewels,
London,United Kingdom,Afternoon Tea at The Ritz,food,75,120,Quintessential British afternoon tea experience,
London,United Kingdom,Hotel Night in Covent Garden,stay,200,1440,Central London hotel near theaters and shops,
London,United Kingdom,Oyster Card Day Travel,transport,18,1440,Unlimited tube and bus travel across London zones,
London,United Kingdom,West End Show Ticket,activity,65,150,World-class theater performance in London's West End,
Barcelona,Spain,La Sagrada Familia,activity,26,90,Gaudí's unfinished masterpiece basilica,
Barcelona,Spain,Park Güell,activity,10,90,Colorful mosaic park designed by Gaudí,
Barcelona,Spain,Tapas Crawl in El Born,food,30,120,Hop between traditional tapas bars in the Gothic Quarter,
Barcelona,Spain,Hotel Night in Eixample,stay,110,1440,Stylish hotel in Barcelona's modernist district,
Barcelona,Spain,La Boqueria Market Visit,food,20,60,Explore the famous covered market on La Rambla,
Rome,Italy,Colosseum Guided Tour,activity,25,120,Skip-the-line tour of the ancient amphitheater,
Rome,Italy,Vatican Museums & Sistine Chapel,activity,20,180,Explore Renaissance masterpieces and Michelangelo's ceiling,
Rome,Italy,Pasta Making Class,food,55,150,Hands-on cooking class learning to make fresh pasta,
Rome,Italy,Hotel Night in Trastevere,stay,130,1440,Charming hotel in Rome's most atmospheric neighborhood,
Rome,Italy,Gelato Tasting Tour,food,25,90,Sample artisanal gelato at Rome's best gelaterias,
Amsterdam,Netherlands,Anne Frank House,activity,16,90,Visit the Secret Annex where Anne Frank hid during WWII,
Amsterdam,Netherlands,Van Gogh Museum,activity,20,120,World's largest collection of Van Gogh's works,
Amsterdam,Netherlands,Canal Cruise,activity,15,75,Guided boat tour through Amsterdam's historic canals,
Amsterdam,Netherlands,Hotel Night in Jordaan,stay,160,1440,Boutique hotel in Amsterdam's trendy canal-side neighborhood,
Amsterdam,Netherlands,Indonesian Rijsttafel,food,35,90,Traditional Indonesian rice table feast — Dutch colonial legacy,
Berlin,Germany,Brandenburg Gate & Reichstag,activity,0,90,Visit Berlin's most iconic landmarks and the glass dome,
Berlin,Germany,Berlin Wall Memorial,activity,0,60,Sobering memorial with preserved wall segments,
Berlin,Germany,Currywurst at Curry 36,food,5,20,Iconic Berlin street food experience,
Berlin,Germany,Hotel Night in Mitte,stay,90,1440,Modern hotel in Berlin's central district,
Prague,Czech Republic,Prague Castle Complex,activity,15,150,Explore the world's largest ancient castle,
Prague,Czech Republic,Charles Bridge Walk,activity,0,45,Stroll across the iconic 14th-century stone bridge,
Prague,Czech Republic,Beer Tasting Tour,food,30,120,Sample Czech craft beers in historic pubs,
Prague,Czech Republic,Hotel Night in Old Town,stay,70,1440,Hotel steps from the Astronomical Clock,
Istanbul,Turkey,Hagia Sophia,activity,15,90,Visit the stunning 6th-century former cathedral and mosque,
Istanbul,Turkey,Grand Bazaar Shopping,activity,0,120,Browse 4000+ shops in one of the world's oldest covered markets,
Istanbul,Turkey,Bosphorus Ferry Cruise,activity,5,90,Scenic ferry ride between Europe and Asia,
Istanbul,Turkey,Hotel Night in Sultanahmet,stay,60,1440,Hotel near the Blue Mosque and Hagia Sophia,
Istanbul,Turkey,Turkish Breakfast Spread,food,12,60,Traditional multi-dish Turkish breakfast experience,
Dubai,UAE,Burj Khalifa At the Top,activity,45,60,Visit the observation deck of the world's tallest building,
Dubai,UAE,Desert Safari with BBQ Dinner,activity,65,360,Dune bashing followed by traditional Arabian BBQ,
Dubai,UAE,Gold Souk Visit,activity,0,60,Browse the dazzling traditional gold market,
Dubai,UAE,Hotel Night in Downtown Dubai,stay,180,1440,Luxury hotel with Burj Khalifa views,
Dubai,UAE,Brunch at Atlantis,food,90,180,Lavish brunch buffet at the iconic Atlantis resort,
New York,United States,Statue of Liberty & Ellis Island,activity,24,240,Ferry ride and guided tour of Lady Liberty,
New York,United States,Metropolitan Museum of Art,activity,30,180,One of the world's greatest art museums,
New York,United States,Broadway Show Ticket,activity,120,150,See a world-class Broadway musical performance,
New York,United States,Hotel Night in Midtown Manhattan,stay,250,1440,Hotel near Times Square and Central Park,
New York,United States,Pizza at Joe's,food,5,20,Classic New York slice at the legendary Joe's Pizza,
New York,United States,Central Park Bike Rental,activity,15,120,Cycle through Manhattan's iconic green oasis,
New York,United States,NYC Subway Day Pass,transport,7,1440,Unlimited subway and bus rides for one day,
Bangkok,Thailand,Grand Palace & Wat Phra Kaew,activity,15,120,Thailand's most sacred Buddhist temple complex,
Bangkok,Thailand,Chatuchak Weekend Market,activity,0,180,Browse 15000+ stalls at one of the world's largest markets,
Bangkok,Thailand,Thai Street Food Tour,food,20,150,Guided walk sampling pad thai and mango sticky rice,
Bangkok,Thailand,Hotel Night in Sukhumvit,stay,40,1440,Modern hotel on Bangkok's main commercial strip,
Bangkok,Thailand,Tuk-Tuk City Tour,transport,10,120,Zip through Bangkok's streets in a classic tuk-tuk,
Bangkok,Thailand,Thai Massage at Wat Pho,activity,10,60,Traditional Thai massage at the Temple of the Reclining Buddha,
Bali,Indonesia,Uluwatu Temple Sunset,activity,5,120,Clifftop temple with Kecak fire dance at sunset,
Bali,Indonesia,Ubud Rice Terrace Walk,activity,0,90,Walk through the stunning Tegallalang rice terraces,
Bali,Indonesia,Surfing Lesson in Kuta,activity,25,120,Beginner surf lesson on Bali's famous beach,
Bali,Indonesia,Villa Night in Ubud,stay,50,1440,Private villa surrounded by rice paddies and jungle,
Bali,Indonesia,Warung Dinner,food,8,60,Traditional Balinese meal at a local family restaurant,
Bali,Indonesia,Scooter Rental Day,transport,5,1440,Rent a scooter to explore Bali independently,
Singapore,Singapore,Gardens by the Bay,activity,20,120,Futuristic botanical gardens with Supertree Grove,
Singapore,Singapore,Hawker Centre Food Tour,food,15,120,Sample Singapore's legendary hawker stall dishes,
Singapore,Singapore,Marina Bay Sands SkyPark,activity,26,60,Rooftop observation deck with panoramic city views,
Singapore,Singapore,Hotel Night in Marina Bay,stay,200,1440,Waterfront hotel with skyline views,
Sydney,Australia,Sydney Opera House Tour,activity,30,60,Guided tour of the iconic performing arts center,
Sydney,Australia,Bondi to Coogee Coastal Walk,activity,0,120,Stunning cliff-top walk between two famous beaches,
Sydney,Australia,Hotel Night in The Rocks,stay,180,1440,Heritage hotel in Sydney's oldest neighborhood,
Sydney,Australia,Fish and Chips at Sydney Fish Market,food,18,45,Fresh seafood at the Southern Hemisphere's largest fish market,
Cairo,Egypt,Giza Pyramids & Sphinx,activity,20,180,Visit the last surviving Wonder of the Ancient World,
Cairo,Egypt,Egyptian Museum,activity,12,120,Home to Tutankhamun's treasures and ancient artifacts,
Cairo,Egypt,Nile Felucca Ride,activity,10,60,Traditional sailboat ride on the Nile at sunset,
Cairo,Egypt,Hotel Night in Zamalek,stay,50,1440,Island hotel with Nile views in Cairo's upscale district,
Cairo,Egypt,Koshari at Abou Tarek,food,3,30,Egypt's beloved national dish — lentils and pasta,
Marrakech,Morocco,Jardin Majorelle,activity,10,60,Cobalt blue garden designed by Yves Saint Laurent,
Marrakech,Morocco,Jemaa el-Fna Night Market,food,15,120,Evening food stalls with traditional Moroccan dishes,
Marrakech,Morocco,Riad Stay in the Medina,stay,60,1440,Traditional courtyard guesthouse in the old city,
Marrakech,Morocco,Hammam Spa Experience,activity,25,90,Traditional Moroccan steam bath and scrub,
Buenos Aires,Argentina,La Boca Neighborhood Walk,activity,0,90,Colorful streets and tango performances in the birthplace of tango,
Buenos Aires,Argentina,Steak Dinner at Don Julio,food,45,120,World-renowned Argentine steakhouse experience,
Buenos Aires,Argentina,Hotel Night in Palermo,stay,70,1440,Trendy hotel in BA's hippest neighborhood,
Buenos Aires,Argentina,Tango Show at Café Tortoni,activity,30,120,Traditional tango performance at Buenos Aires' oldest café,
Rio de Janeiro,Brazil,Christ the Redeemer,activity,15,120,Visit the iconic statue atop Corcovado Mountain,
Rio de Janeiro,Brazil,Copacabana Beach Day,activity,0,240,Relax on Rio's most famous beach,
Rio de Janeiro,Brazil,Hotel Night in Ipanema,stay,90,1440,Beachfront hotel in the stylish Ipanema neighborhood,
Rio de Janeiro,Brazil,Feijoada Lunch,food,15,90,Traditional Brazilian black bean and pork stew,
Lisbon,Portugal,Tram 28 Ride,transport,3,45,Ride the vintage yellow tram through Lisbon's historic hills,
Lisbon,Portugal,Belém Tower & Pastéis de Belém,activity,10,120,Visit the iconic tower then taste original Portuguese custard tarts,
Lisbon,Portugal,Hotel Night in Alfama,stay,80,1440,Boutique hotel in Lisbon's oldest and most atmospheric quarter,
Lisbon,Portugal,Seafood at Cervejaria Ramiro,food,35,90,Famous Lisbon seafood restaurant since 1956,
Budapest,Hungary,Széchenyi Thermal Baths,activity,20,180,Relax in Europe's largest medicinal thermal bath complex,
Budapest,Hungary,Ruin Bar Crawl,food,25,150,Pub crawl through Budapest's famous ruin bar district,
Budapest,Hungary,Hotel Night in District VII,stay,55,1440,Hotel in the Jewish Quarter near the ruin bars,
Budapest,Hungary,Danube River Cruise,activity,15,60,Evening cruise with views of the illuminated Parliament,
Seoul,South Korea,Gyeongbokgung Palace,activity,3,120,Grand palace with traditional guard changing ceremony,
Seoul,South Korea,Myeongdong Street Food,food,15,90,Korean street food haven — tteokbokki and hotteok,
Seoul,South Korea,Hotel Night in Gangnam,stay,120,1440,Modern hotel in Seoul's upscale district,
Seoul,South Korea,DMZ Tour,activity,45,480,Guided tour of the Korean Demilitarized Zone,
Cusco,Peru,Machu Picchu Day Trip,activity,70,720,Train ride and guided tour of the Inca citadel,
Cusco,Peru,Sacred Valley Tour,activity,35,480,Full-day tour of Inca ruins in the Urubamba Valley,
Cusco,Peru,Hotel Night in Plaza de Armas,stay,45,1440,Colonial hotel on Cusco's main square,
Cusco,Peru,Ceviche Lunch,food,10,60,Fresh Peruvian ceviche in the Andes,
Cape Town,South Africa,Table Mountain Cable Car,activity,18,120,Cable car ride and hike atop Cape Town's flat-topped icon,
Cape Town,South Africa,Cape Peninsula Day Tour,activity,50,480,Full-day tour including Cape of Good Hope and penguins,
Cape Town,South Africa,Hotel Night in V&A Waterfront,stay,100,1440,Harbour-front hotel with Table Mountain views,
Cape Town,South Africa,Braai BBQ Dinner,food,25,120,Traditional South African barbecue experience,
Reykjavik,Iceland,Golden Circle Day Tour,activity,80,600,Geysir and Gullfoss and Thingvellir in one day,
Reykjavik,Iceland,Blue Lagoon,activity,65,180,Soak in the famous milky-blue geothermal spa,
Reykjavik,Iceland,Hotel Night in City Center,stay,200,1440,Hotel near Hallgrímskirkja church,
Reykjavik,Iceland,Icelandic Lamb Soup,food,18,45,Hearty traditional Icelandic lamb and vegetable stew,
Chiang Mai,Thailand,Doi Suthep Temple,activity,2,120,Hilltop temple with panoramic views of Chiang Mai,
Chiang Mai,Thailand,Thai Cooking Class,food,25,180,Hands-on cooking class learning northern Thai dishes,
Chiang Mai,Thailand,Guesthouse Night in Old City,stay,20,1440,Charming guesthouse within the ancient city walls,
Chiang Mai,Thailand,Night Bazaar Shopping,activity,0,120,Browse handicrafts and street food at the famous night market,
Mumbai,India,Gateway of India & Taj Hotel,activity,0,60,Visit Mumbai's iconic waterfront arch and heritage hotel,
Mumbai,India,Dharavi Walking Tour,activity,15,150,Guided tour through Asia's most dynamic informal settlement,
Mumbai,India,Hotel Night in Colaba,stay,60,1440,Heritage hotel in Mumbai's colonial district,
Mumbai,India,Street Food at Chowpatty Beach,food,5,60,Sample pav bhaji and bhel puri on Mumbai's famous beach,
Jaipur,India,Amber Fort,activity,8,120,Magnificent hilltop fort-palace complex,
Jaipur,India,Hawa Mahal Visit,activity,3,45,The iconic Palace of Winds with 953 windows,
Jaipur,India,Hotel Night in Pink City,stay,35,1440,Heritage haveli hotel in Jaipur's old walled city,
Jaipur,India,Thali Dinner at LMB,food,8,60,Classic Rajasthani vegetarian thali at the legendary restaurant,
San Francisco,United States,Golden Gate Bridge Walk,activity,0,90,Walk across the iconic suspension bridge with bay views,
San Francisco,United States,Alcatraz Island Tour,activity,45,180,Ferry ride and audio tour of the infamous island prison,
San Francisco,United States,Hotel Night in Union Square,stay,200,1440,Central hotel near shopping and cable car lines,
San Francisco,United States,Clam Chowder at Fisherman's Wharf,food,12,30,Sourdough bread bowl chowder at Pier 39,
Mexico City,Mexico,Teotihuacan Pyramids,activity,5,300,Climb the ancient Pyramid of the Sun and Moon,
Mexico City,Mexico,Frida Kahlo Museum,activity,13,120,Visit the Blue House where Frida lived and worked,
Mexico City,Mexico,Hotel Night in Roma Norte,stay,50,1440,Hip hotel in Mexico City's trendiest neighborhood,
Mexico City,Mexico,Tacos al Pastor,food,3,30,Authentic street tacos at a local taqueria,
Hanoi,Vietnam,Ha Long Bay Day Cruise,activity,45,600,Scenic cruise through limestone karsts and emerald waters,
Hanoi,Vietnam,Old Quarter Walking Tour,activity,10,150,Guided walk through the 36 ancient trading streets,
Hanoi,Vietnam,Hotel Night in Old Quarter,stay,30,1440,Boutique hotel in the heart of historic Hanoi,
Hanoi,Vietnam,Pho Bo at Pho Gia Truyen,food,2,30,Vietnam's most famous beef pho at a legendary stall,
Copenhagen,Denmark,Tivoli Gardens,activity,22,180,One of the world's oldest amusement parks,
Copenhagen,Denmark,Nyhavn Canal Walk,activity,0,45,Stroll along Copenhagen's colorful 17th-century waterfront,
Copenhagen,Denmark,Hotel Night in Indre By,stay,180,1440,Hotel in Copenhagen's charming inner city,
Copenhagen,Denmark,Smørrebrød Lunch,food,20,60,Traditional Danish open-faced sandwiches,
Dubrovnik,Croatia,City Walls Walk,activity,25,90,Walk the medieval ramparts circling the Old Town,
Dubrovnik,Croatia,Game of Thrones Tour,activity,30,150,Visit filming locations from the famous TV series,
Dubrovnik,Croatia,Hotel Night in Old Town,stay,120,1440,Stone-walled hotel inside Dubrovnik's medieval walls,
Dubrovnik,Croatia,Seafood at Nautika,food,45,90,Fine dining with views of the Adriatic Sea,
Vienna,Austria,Schönbrunn Palace,activity,22,150,Tour the grand summer residence of the Habsburg emperors,
Vienna,Austria,Vienna State Opera,activity,15,180,Standing-room ticket to a world-class opera performance,
Vienna,Austria,Hotel Night in Innere Stadt,stay,140,1440,Elegant hotel in Vienna's historic first district,
Vienna,Austria,Sachertorte at Hotel Sacher,food,8,30,The original recipe chocolate cake since 1832,
Santorini,Greece,Oia Sunset Viewing,activity,0,60,Watch the famous sunset from the most photogenic village,
Santorini,Greece,Catamaran Sailing Tour,activity,90,300,Sail around the caldera with stops for swimming and BBQ,
Santorini,Greece,Hotel Night in Fira,stay,150,1440,Cliff-edge hotel with caldera and sea views,
Santorini,Greece,Fresh Seafood at Ammoudi Bay,food,35,90,Dine on fresh fish at the tiny port below Oia,
Athens,Greece,Acropolis & Parthenon,activity,20,120,Explore the crown jewel of ancient Greek civilization,
Athens,Greece,Plaka Neighborhood Walk,activity,0,90,Wander the charming streets below the Acropolis,
Athens,Greece,Hotel Night in Monastiraki,stay,80,1440,Rooftop hotel with Acropolis views in the flea-market quarter,
Athens,Greece,Souvlaki at Kostas,food,4,20,Legendary hole-in-the-wall souvlaki since 1950,
Taipei,Taiwan,Taipei 101 Observatory,activity,15,60,Visit the observation deck of the iconic skyscraper,
Taipei,Taiwan,Night Market Food Tour,food,20,120,Sample stinky tofu and bubble tea at Shilin Night Market,
Taipei,Taiwan,Hotel Night in Da'an,stay,70,1440,Modern hotel in Taipei's upscale residential district,
Taipei,Taiwan,Jiufen Old Street Day Trip,activity,10,240,Explore the hillside village that inspired Spirited Away,
Hong Kong,China,Victoria Peak Tram,activity,10,90,Ride the historic tram for panoramic harbor views,
Hong Kong,China,Dim Sum at Tim Ho Wan,food,12,60,Michelin-starred dim sum at the world's cheapest Michelin restaurant,
Hong Kong,China,Hotel Night in Tsim Sha Tsui,stay,150,1440,Harbour-view hotel on the Kowloon waterfront,
Hong Kong,China,Star Ferry Crossing,transport,1,15,Iconic ferry ride across Victoria Harbour,
Colombo,Sri Lanka,Galle Face Green Walk,activity,0,45,Stroll along Colombo's oceanfront promenade at sunset,
Colombo,Sri Lanka,Temple of the Tooth Day Trip,activity,15,480,Visit the sacred Buddhist temple in Kandy,
Colombo,Sri Lanka,Hotel Night in Colombo Fort,stay,35,1440,Colonial-era hotel in Colombo's business district,
Colombo,Sri Lanka,Rice and Curry Lunch,food,3,45,Traditional multi-dish Sri Lankan meal on a banana leaf,
Cancun,Mexico,Chichen Itza Day Trip,activity,40,600,Visit one of the New Seven Wonders of the World,
Cancun,Mexico,Snorkeling in Cenote,activity,25,120,Swim in a crystal-clear natural limestone sinkhole,
Cancun,Mexico,Resort Night in Hotel Zone,stay,120,1440,All-inclusive beachfront resort on the Caribbean,
Cancun,Mexico,Tacos and Margaritas,food,15,60,Beachside Mexican feast with fresh margaritas,
Havana,Cuba,Malecon Sunset Walk,activity,0,60,Stroll along Havana's famous seaside promenade,
Havana,Cuba,Classic Car City Tour,activity,30,120,Ride through Havana in a restored 1950s American convertible,
Havana,Cuba,Casa Particular Stay,stay,30,1440,Stay in a traditional Cuban family-run guesthouse,
Havana,Cuba,Mojito at La Bodeguita del Medio,food,5,30,Sip a mojito at Hemingway's favorite bar,
Los Angeles,United States,Hollywood Sign Hike,activity,0,120,Hike to the iconic Hollywood Sign for city views,
Los Angeles,United States,Getty Center Visit,activity,0,180,World-class art museum with stunning architecture and gardens,
Los Angeles,United States,Hotel Night in Santa Monica,stay,200,1440,Beachfront hotel steps from the Santa Monica Pier,
Los Angeles,United States,In-N-Out Burger,food,8,30,California's legendary fast-food burger chain,
Auckland,New Zealand,Sky Tower Visit,activity,22,60,360-degree views from New Zealand's tallest structure,
Auckland,New Zealand,Waiheke Island Wine Tour,activity,75,360,Ferry ride and guided wine tasting on the island of wine,
Auckland,New Zealand,Hotel Night in Viaduct Harbour,stay,140,1440,Waterfront hotel in Auckland's dining and nightlife hub,
Auckland,New Zealand,Fish and Chips at Auckland Fish Market,food,15,40,Fresh catch of the day at the harbor-side market,
Kuala Lumpur,Malaysia,Petronas Twin Towers,activity,20,90,Visit the sky bridge and observation deck of the iconic towers,
Kuala Lumpur,Malaysia,Batu Caves Visit,activity,0,120,Climb 272 steps to the colorful Hindu temple caves,
Kuala Lumpur,Malaysia,Hotel Night in Bukit Bintang,stay,50,1440,Shopping-district hotel near Jalan Alor food street,
Kuala Lumpur,Malaysia,Nasi Lemak at Village Park,food,3,30,Malaysia's national dish — coconut rice with sambal,
Nairobi,Kenya,Maasai Mara Safari Day Trip,activity,150,720,Full-day safari in Kenya's premier wildlife reserve,
Nairobi,Kenya,Giraffe Centre Visit,activity,10,60,Feed endangered Rothschild's giraffes from a raised platform,
Nairobi,Kenya,Hotel Night in Karen,stay,80,1440,Suburban lodge near the Karen Blixen Museum,
Nairobi,Kenya,Nyama Choma Dinner,food,12,60,Traditional Kenyan grilled meat feast,
Ho Chi Minh City,Vietnam,Cu Chi Tunnels Tour,activity,15,240,Explore the underground Viet Cong tunnel network,
Ho Chi Minh City,Vietnam,Mekong Delta Day Trip,activity,20,480,Boat cruise through floating markets and coconut groves,
Ho Chi Minh City,Vietnam,Hotel Night in District 1,stay,30,1440,Central hotel near Ben Thanh Market,
Ho Chi Minh City,Vietnam,Banh Mi at Banh Mi Huynh Hoa,food,2,15,Vietnam's best baguette sandwich at the legendary stall,
